epoch,steps,Accuracy,Accuracy_Threshold,F1,F1_Threshold,Precision,Recall,Average_Precision
1.0,450,0.9811111111111112,0.25620434,0.9844179651695691,0.25620434,0.9745916515426497,0.9944444444444445,0.998280145989453
2.0,900,0.9922222222222222,0.33772373,0.9935364727608496,0.33772373,0.990791896869245,0.9962962962962963,0.9993182105802523
3.0,1350,0.9933333333333333,-0.7157949,0.9944649446494466,-0.7157949,0.9908088235294118,0.9981481481481481,0.9995210306235812
4.0,1800,0.9933333333333333,-0.5206956,0.9944649446494466,-0.5206956,0.9908088235294118,0.9981481481481481,0.9995968394561
